{
  "id": "1489740",
  "name": "fonts",
  "font_family": "iconfont",
  "css_prefix_text": "icon-",
  "description": "",
  "glyphs": [
    {
      "icon_id": "166176",
      "name": "小三角down",
      "font_class": "xiaosanjiaodown",
      "unicode": "e60e",
      "unicode_decimal": 58894
    },
    {
      "icon_id": "439584",
      "name": "一",
      "font_class": "icon37",
      "unicode": "e61f",
      "unicode_decimal": 58911
    },
    {
      "icon_id": "578363",
      "name": "电话",
      "font_class": "002dianhua",
      "unicode": "e601",
      "unicode_decimal": 58881
    },
    {
      "icon_id": "608351",
      "name": "箭头",
      "font_class": "jiantouarrow486",
      "unicode": "e6aa",
      "unicode_decimal": 59050
    },
    {
      "icon_id": "637468",
      "name": "我的",
      "font_class": "wode",
      "unicode": "e696",
      "unicode_decimal": 59030
    },
    {
      "icon_id": "714438",
      "name": "搜索",
      "font_class": "sousuo1",
      "unicode": "e613",
      "unicode_decimal": 58899
    },
    {
      "icon_id": "784988",
      "name": "地图",
      "font_class": "ditu",
      "unicode": "e630",
      "unicode_decimal": 58928
    },
    {
      "icon_id": "791908",
      "name": "箭头",
      "font_class": "ai-arrow-down",
      "unicode": "e658",
      "unicode_decimal": 58968
    },
    {
      "icon_id": "810222",
      "name": "箭头",
      "font_class": "jiantou-copy-copy-copy",
      "unicode": "e669",
      "unicode_decimal": 58985
    },
    {
      "icon_id": "960491",
      "name": "租房",
      "font_class": "zufang",
      "unicode": "e80e",
      "unicode_decimal": 59406
    },
    {
      "icon_id": "964029",
      "name": "贷款",
      "font_class": "daikuan",
      "unicode": "e699",
      "unicode_decimal": 59033
    },
    {
      "icon_id": "1260565",
      "name": "收起按钮icon",
      "font_class": "shouqianniuicon",
      "unicode": "e712",
      "unicode_decimal": 59154
    },
    {
      "icon_id": "1265479",
      "name": "五角星_空",
      "font_class": "wujiaoxing_kong",
      "unicode": "e603",
      "unicode_decimal": 58883
    },
    {
      "icon_id": "2740807",
      "name": "左箭头",
      "font_class": "mjiantou-copy",
      "unicode": "e600",
      "unicode_decimal": 58880
    },
    {
      "icon_id": "4251056",
      "name": "房子 copy",
      "font_class": "fangzicopy",
      "unicode": "e6d5",
      "unicode_decimal": 59093
    },
    {
      "icon_id": "5301930",
      "name": "搜索",
      "font_class": "sousuo",
      "unicode": "e62e",
      "unicode_decimal": 58926
    },
    {
      "icon_id": "6028798",
      "name": "钱",
      "font_class": "qian",
      "unicode": "e663",
      "unicode_decimal": 58979
    },
    {
      "icon_id": "6485715",
      "name": "全部",
      "font_class": "all",
      "unicode": "e62a",
      "unicode_decimal": 58922
    },
    {
      "icon_id": "6824588",
      "name": "其他",
      "font_class": "qita",
      "unicode": "e64d",
      "unicode_decimal": 58957
    },
    {
      "icon_id": "6875117",
      "name": "电影",
      "font_class": "dianying",
      "unicode": "e717",
      "unicode_decimal": 59159
    },
    {
      "icon_id": "8808231",
      "name": "握手",
      "font_class": "aboutuss_fuzhi",
      "unicode": "e6c4",
      "unicode_decimal": 59076
    },
    {
      "icon_id": "9100583",
      "name": "排序",
      "font_class": "paixu",
      "unicode": "e64e",
      "unicode_decimal": 58958
    },
    {
      "icon_id": "11191524",
      "name": "买房",
      "font_class": "maifang",
      "unicode": "e69a",
      "unicode_decimal": 59034
    },
    {
      "icon_id": "11372734",
      "name": "影院",
      "font_class": "yingyuan",
      "unicode": "e8c0",
      "unicode_decimal": 59584
    }
  ]
}
